t,x,y,z,vx,vy,vz,energy,h_mag
0,6771222,0,0,-0,4768.1217675,6015.87247281,-29403986.5595,51977986617.5
31.6797647558,6766859.94841,151020.538202,190540.498523,-275.354428985,4765.05012407,6011.9970233,-29403986.5594,51977986617.5
61.0511924211,6755026.72754,290867.40072,366983.326885,-530.335065834,4756.71749717,6001.48386461,-29403986.5594,51977986617.5
92.0014660383,6734462.57979,437880.086194,552467.173737,-798.379118832,4742.23686227,5983.21385031,-29403986.5594,51977986617.6
122.662971722,6705924.08828,582990.720922,735551.229795,-1062.95232654,4722.14108761,5957.85929279,-29403986.5593,51977986617.6
154.12698457,6668225.21994,731166.301711,922502.285384,-1333.10971621,4695.5951662,5924.36667544,-29403986.5593,51977986617.6
186.011828933,6621377.20476,880374.942636,1110756.73848,-1605.14546054,4662.60722104,5882.74624691,-29403986.5593,51977986617.6
218.629977853,6564510.65285,1031824.75005,1301838.83996,-1881.26084056,4622.56535468,5832.22598477,-29403986.5592,51977986617.7
251.91151391,6497247.42812,1184900.8267,1494972.78256,-2160.33331508,4575.20367029,5772.47041072,-29403986.5592,51977986617.7
285.950554576,6418898.51342,1339716.65277,1690301.74264,-2442.56815886,4520.03746629,5702.86798355,-29403986.5591,51977986617.8
320.736670285,6328968.23167,1495870.09168,1887318.35012,-2727.23051163,4456.71828694,5622.97906152,-29403986.5591,51977986617.8
356.295290435,6226882.45138,1653088.19881,2085678.23459,-3013.82094274,4384.84255812,5532.29446085,-29403986.559,51977986617.9
392.620390051,6112163.49283,1810923.3574,2284816.64424,-3301.52153191,4304.07474944,5430.39084752,-29403986.5589,51977986617.9
429.710853479,5984349.11666,1968917.93562,2484156.1914,-3589.49606785,4214.09034327,5316.85878218,-29403986.5589,51977986618
467.553287342,5843056.82001,2126531.4131,2683014.90911,-3876.75725384,4114.62110852,5191.35984142,-29403986.5588,51977986618.1
506.130823627,5687969.65398,2283182.39689,2880659.26199,-4162.24334473,4005.44511678,5053.61402128,-29403986.5587,51977986618.2
545.4177379,5518869.84909,2438231.28579,3076282.27418,-4444.78661063,3886.41041103,4903.4295997,-29403986.5585,51977986618.3
585.380242116,5335651.96843,2590991.12518,3269017.22466,-4723.133191,3757.44425406,4740.71480518,-29403986.5584,51977986618.4
625.97331167,5138353.64742,2740725.09179,3457934.47383,-4995.93859315,3618.57474747,4565.50509312,-29403986.5583,51977986618.5
667.139005636,4927182.23889,2886653.49429,3642050.29603,-5261.78054275,3469.94955588,4377.98676987,-29403986.5581,51977986618.7
708.804153339,4702545.42155,3027962.15869,3820337.45936,-5519.17436601,3311.85740657,4178.52411863,-29403986.5579,51977986618.8
750.879404481,4465074.41309,3163819.37676,3991746.60919,-5766.60397489,3144.74436902,3967.679939,-29403986.5578,51977986619
793.259675534,4215636.1339,3293399.96701,4155236.62557,-6002.56579979,2969.22234445,3746.22625818,-29403986.5576,51977986619.1
835.826709601,3955326.7178,3415916.36042,4309813.84371,-6225.62549285,2786.06441978,3515.13846913,-29403986.5574,51977986619.3
878.453339736,3685445.43001,3530652.16541,4454574.40238,-6434.47910551,2596.18643298,3275.57207178,-29403986.5572,51977986619.5
921.008642839,3407452.48495,3636992.90282,4588743.02183,-6628.00906021,2400.61721667,3028.82512983,-29403986.557,51977986619.6
963.362747919,3122919.44293,3734448.82125,4711701.78958,-6805.32564782,2200.46363478,2776.29415803,-29403986.5568,51977986619.8
1005.39033396,2833481.39316,3822667.41945,4823005.95973,-6965.78973946,1996.87689435,2519.43161816,-29403986.5566,51977986620
1046.97231861,2540798.06901,3901436.11573,4922387.32094,-7109.01753134,1791.02516009,2259.7113673,-29403986.5565,51977986620.1
1087.99571281,2246527.61443,3970677.50135,5009748.20769,-7234.87177727,1584.0750848,1998.60535493,-29403986.5563,51977986620.3
1128.35182793,1952314.28705,4030440.24241,5085150.02132,-7343.44510367,1377.1831547,1737.57270354,-29403986.5562,51977986620.4
1167.93299262,1659790.4828,4080888.45922,5148799.8301,-7435.04056876,1171.4971148,1478.06150694,-29403986.556,51977986620.5
1206.62769226,1370594.32953,4122291.84894,5201037.90721,-7510.15359993,968.168344788,1221.52444473,-29403986.5559,51977986620.6
1244.31357381,1086406.98697,4155018.37245,5242328.50369,-7569.45863304,768.378087565,969.451874573,-29403986.5558,51977986620.7
1280.84683795,809020.393301,4179531.28507,5273256.10232,-7613.80370797,573.385072625,723.431917833,-29403986.5558,51977986620.7
1316.0444226,540462.130188,4196393.06219,5294530.37043,-7644.21769595,384.613270799,485.261178573,-29403986.5557,51977986620.8
1349.64940697,283249.539945,4206281.51719,5307006.49565,-7661.9398861,203.830460369,257.170037899,-29403986.5557,51977986620.8
1381.2483943,41010.5600616,4210032.90414,5311739.56803,-7668.49913784,33.5844527424,42.3730337896,-29403986.5556,51977986620.9
1409.99186029,-179391.519357,4208772.07537,5310148.79803,-7665.95328328,-121.303967879,-153.047517825,-29403986.5556,51977986620.9
1436.8539807,-385200.75066,4203570.70817,5303586.30586,-7656.24692395,-265.928113332,-335.517777177,-29403986.5556,51977986620.9
1466.1703399,-609401.063319,4193464.48301,5290835.42307,-7637.58715491,-423.465856004,-534.280941328,-29403986.5556,51977986620.9
1495.55663303,-833463.41735,4178705.84604,5272214.65746,-7610.45558407,-580.896248887,-732.908663754,-29403986.5556,51977986620.9
1526.23697609,-1066406.0671,4158371.11134,5246558.6074,-7573.16077045,-744.555069648,-939.394706426,-29403986.5555,51977986620.9
1557.65489463,-1303615.62707,4132358.1367,5213738.40153,-7525.52301632,-911.200141252,-1149.64845997,-29403986.5555,51977986621
1590.13407071,-1547103.91701,4099981.73356,5172889.54701,-7466.29351504,-1082.24403382,-1365.45214435,-29403986.5555,51977986621
1623.53222463,-1795301.46386,4060920.77644,5123606.88432,-7394.8906262,-1256.58340672,-1585.4136901,-29403986.5554,51977986621
1657.92484064,-2048209.11182,4014643.03307,5065218.90347,-7310.34668184,-1434.21812767,-1809.53293036,-29403986.5554,51977986621.1
1693.26135793,-2304827.40663,3960771.22546,4997249.5981,-7211.97742451,-1614.44555054,-2036.92334632,-29403986.5553,51977986621.2
1729.54205457,-2564470.15079,3898881.60322,4919164.32827,-7099.01374681,-1796.78321202,-2266.9762208,-29403986.5552,51977986621.2
1766.72934583,-2826118.63327,3828637.43706,4830538.24736,-6970.84543674,-1980.51530471,-2498.78842961,-29403986.5551,51977986621.3
1804.79277767,-3088754.15472,3749730.32358,4730982.24711,-6826.91390175,-2164.92624675,-2731.45713313,-29403986.555,51977986621.4
1843.68499659,-3351196.82441,3661934.15751,4620211.05366,-6666.81055554,-2349.18750846,-2963.93698709,-29403986.5549,51977986621.5
1883.35184837,-3612190.38727,3565098.91335,4498035.38195,-6490.26534278,-2532.41720721,-3195.11533249,-29403986.5548,51977986621.6
1923.72470213,-3870368.40339,3459180.97627,4364400.20375,-6297.2019195,-2713.65638489,-3423.78226534,-29403986.5547,51977986621.7
1964.72202792,-4124288.87681,3344254.06379,4219398.52744,-6087.75741872,-2891.89333794,-3648.66133339,-29403986.5545,51977986621.8
2006.2474741,-4372450.41692,3220527.6348,4063294.62435,-5862.3158608,-3066.07496978,-3868.42385947,-29403986.5543,51977986622
2048.19182748,-4613336.4509,3088352.66661,3896531.31764,-5621.51854433,-3235.13781961,-4081.72808995,-29403986.5542,51977986622.1
2090.43564111,-4845463.33234,2948220.58472,3719728.63198,-5366.26198194,-3398.04180661,-4287.26176943,-29403986.554,51977986622.3
2132.85388566,-5067436.62792,2800749.6179,3533666.57798,-5097.67296144,-3553.80969457,-4483.79193269,-29403986.5538,51977986622.5
2175.32086485,-5278001.5233,2646663.12478,3339257.80707,-4817.06902798,-3701.56241181,-4670.20946725,-29403986.5536,51977986622.6
2217.71480727,-5476082.16402,2486762.63033,3137513.59207,-4525.90937809,-3840.54659416,-4845.56386413,-29403986.5534,51977986622.8
2259.92116415,-5660804.83286,2321900.80077,2929509.73005,-4225.74568381,-3970.15078079,-5009.08365173,-29403986.5533,51977986623
2301.83442968,-5831505.88724,2152957.4363,2716356.25258,-3918.17844359,-4089.91091813,-5160.18334019,-29403986.5531,51977986623.1
2343.35852329,-5987727.37198,1980820.54296,2499173.54443,-3604.82260202,-4199.50722343,-5298.45946406,-29403986.5529,51977986623.2
2384.40604766,-6129204.60611,1806372.92893,2279075.43235,-3287.28323751,-4298.75542713,-5423.67953303,-29403986.5528,51977986623.4
2424.89671886,-6255849.55213,1630484.15328,2057159.02684,-2967.14099602,-4387.59506782,-5535.7672638,-29403986.5526,51977986623.5
2464.75520936,-6367733.00196,1454007.31375,1834500.66936,-2645.94633027,-4466.07696803,-5634.78677842,-29403986.5525,51977986623.6
2503.90851631,-6465067.6662,1277780.30059,1612157.51431,-2325.22186138,-4534.35135396,-5720.92761521,-29403986.5524,51977986623.7
2542.28283432,-6548193.56373,1102631.48673,1391174.70823,-2006.47280629,-4592.65759763,-5794.49178646,-29403986.5523,51977986623.8
2579.79973759,-6617566.66036,929390.494157,1172598.97354,-1691.20663463,-4641.31624527,-5855.88372089,-29403986.5522,51977986623.9
2616.37122214,-6673751.57176,758905.814924,957500.840807,-1380.96519103,-4680.72390248,-5905.60381022,-29403986.5521,51977986624
2651.89268478,-6717419.36225,592073.292586,747010.583294,-1077.37657255,-4711.35169825,-5944.2464713,-29403986.5521,51977986624
2686.23188957,-6749352.28218,429884.333617,542379.044664,-782.242902225,-4733.74861918,-5972.50435285,-29403986.552,51977986624.1
2719.2093564,-6770459.39787,273515.111861,345090.186991,-497.702691547,-4748.55248636,-5991.18218479,-29403986.552,51977986624.1
2750.55760932,-6781813.00735,124515.900966,157099.96883,-226.575400156,-4756.51551287,-6001.22902384,-29403986.5519,51977986624.1
2779.81469485,-6784736.74881,-14688.5504129,-18532.338393,26.7280097814,-4758.566119,-6003.81624489,-29403986.5519,51977986624.1
2805.89705321,-6781094.64558,-138778.842469,-175095.32242,252.528984965,-4756.01167958,-6000.59334444,-29403986.5519,51977986624.2
2832.40409888,-6771361.71903,-264765.603025,-334051.0542,481.78154676,-4749.18534374,-5991.98065209,-29403986.5519,51977986624.2
2860.01581916,-6754766.9943,-395748.714944,-499310.612538,720.127133884,-4737.54633641,-5977.2958795,-29403986.5519,51977986624.2
2888.28595518,-6730967.77492,-529455.2157,-668006.232438,963.430557157,-4720.85422841,-5956.23568056,-29403986.5519,51977986624.2
2917.48452115,-6699180.45694,-666984.37087,-841524.84189,1213.69308707,-4698.55930844,-5928.1064922,-29403986.5519,51977986624.2
2947.52911908,-6658863.91294,-807739.419087,-1019113.51543,1469.82990603,-4670.28187798,-5892.42925411,-29403986.5518,51977986624.2
2978.4980157,-6609279.11558,-951849.072219,-1200934.64703,1732.07648996,-4635.50337022,-5848.54969783,-29403986.5518,51977986624.3
3010.36979103,-6549802.60777,-1098941.88982,-1386519.59546,1999.75831657,-4593.78619987,-5795.9157281,-29403986.5518,51977986624.3
3043.15838701,-6479754.94122,-1248777.33076,-1575564.87336,2272.43920701,-4544.65341898,-5733.92558639,-29403986.5517,51977986624.3
3076.84814483,-6398522.32753,-1400944.17007,-1767551.64394,2549.37249359,-4487.6740305,-5662.03548975,-29403986.5517,51977986624.4
3111.4297893,-6305500.15227,-1555026.68925,-1961955.401,2829.80343563,-4422.42335643,-5579.70962788,-29403986.5516,51977986624.4
3146.88433397,-6200139.28765,-1710532.3161,-2158154.67307,3112.837505,-4348.51551186,-5486.46113522,-29403986.5516,51977986624.5
3183.1926077,-6081932.8134,-1866935.989,-2355486.99726,3397.52109416,-4265.5940812,-5381.84032719,-29403986.5515,51977986624.5
3220.33095253,-5950437.66983,-2023663.16161,-2553227.47652,3682.81054557,-4173.34729996,-5265.45385489,-29403986.5514,51977986624.6
3258.27311815,-5805279.06258,-2180101.03649,-2750602.95287,3967.59255269,-4071.51114081,-5136.96859876,-29403986.5513,51977986624.7
3296.98817358,-5646168.40123,-2335593.7743,-2946785.96303,4250.67538665,-3959.8818981,-4996.12754623,-29403986.5512,51977986624.8
3336.43957992,-5472919.15075,-2489444.44648,-3140897.20197,4530.79238823,-3838.32731449,-4842.76383005,-29403986.5511,51977986624.9
3376.58285302,-5285470.34901,-2640913.57492,-3332003.68051,4806.59923656,-3706.8030939,-4676.82156247,-29403986.551,51977986625
3417.36328323,-5083912.61858,-2789221.06595,-3519121.1654,5076.67738558,-3565.37117503,-4498.3788907,-29403986.5508,51977986625.1
3458.71336962,-4868517.71319,-2933550.74251,-3701219.89747,5339.54222022,-3414.22049792,-4307.67419774,-29403986.5507,51977986625.3
3500.55085185,-4639766.30248,-3073061.01557,-3877238.05563,5593.66238417,-3253.68654896,-4105.13076206,-29403986.5505,51977986625.4
3542.77787361,-4398368.7544,-3206902.91764,-4046104.50947,5837.49251556,-3084.26600712,-3891.37523658,-29403986.5503,51977986625.6
3585.28199636,-4145271.5861,-3334246.1893,-4206771.73231,6069.52066319,-2906.6213452,-3667.24345394,-29403986.5501,51977986625.7
3627.9392293,-3881644.81807,-3454311.10885,-4358255.96022,6288.32619388,-2721.57203546,-3433.76933083,-29403986.5499,51977986625.9
3670.61863097,-3608849.99457,-3566401.45231,-4499678.77712,6492.63980408,-2530.07218456,-3192.15665024,-29403986.5497,51977986626.1
3713.18742412,-3328394.55952,-3669932.87975,-4630302.92952,6681.39525224,-2333.17858161,-2943.73874822,-29403986.5496,51977986626.2
3755.51544513,-3041881.68058,-3764452.42477,-4749556.91604,6853.7649321,-2132.01553508,-2689.93414903,-29403986.5494,51977986626.4
3797.47807412,-2750964.43975,-3849647.56494,-4857046.43153,7009.17650003,-1927.74275604,-2432.20604384,-29403986.5492,51977986626.6
3838.95731499,-2457310.45317,-3925346.07833,-4952554.18598,7147.31273458,-1721.5305448,-2172.03098423,-29403986.549,51977986626.7
3879.841091,-2162579.7628,-3991509.43481,-5036031.56645,7268.09961977,-1514.54428064,-1910.87931286,-29403986.5489,51977986626.8
3920.02095906,-1868416.8204,-4048222.78212,-5107586.00268,7371.68821396,-1307.93879586,-1650.20806553,-29403986.5488,51977986626.9
3959.38834653,-1576457.01901,-4095684.19304,-5167467.4003,7458.43515332,-1102.8629601,-1391.46675493,-29403986.5487,51977986627
3997.82910962,-1288349.63744,-4134195.27766,-5216056.29655,7528.88561543,-900.475791463,-1136.117698,-29403986.5485,51977986627.1
4035.21564246,-1005802.80366,-4164154.91627,-5253855.9531,7583.76193275,-701.978040024,-885.675864295,-29403986.5485,51977986627.2
4071.39460559,-730664.586264,-4186058.02466,-5281490.79828,7623.96132207,-508.669164924,-641.780763212,-29403986.5484,51977986627.3
4106.16550626,-465075.773814,-4200502.4592,-5299715.1391,7650.56835183,-322.054704106,-406.331910895,-29403986.5483,51977986627.3
4139.23680245,-211795.119908,-4208211.16815,-5309441.10925,7664.89498082,-144.074877275,-181.777255382,-29403986.5483,51977986627.4
4170.11195262,24940.7403681,-4210091.45223,-5311813.43734,7668.58759001,22.2909816182,28.1242193987,-29403986.5483,51977986627.4
4197.63181054,235932.993422,-4207437.44261,-5308464.91056,7663.99194407,170.575344345,215.212523636,-29403986.5482,51977986627.4
4225.6710316,450670.583316,-4200538.17322,-5299760.19898,7651.66711304,321.501391969,405.63380472,-29403986.5482,51977986627.4
4254.85206213,673667.88765,-4188868.47047,-5285036.6984,7630.66074166,478.242815664,603.392264367,-29403986.5482,51977986627.4
4284.75194267,901394.643232,-4172174.38343,-5263974.00253,7600.50531097,638.319144411,805.358327025,-29403986.5482,51977986627.5
4315.63037676,1135488.31822,-4149921.14257,-5235897.40012,7560.22743209,802.882195554,1012.98522451,-29403986.5482,51977986627.5
4347.41140588,1374973.96441,-4121726.3172,-5200324.38373,7509.12813432,971.247457103,1225.40931763,-29403986.5481,51977986627.5
4380.16979044,1619959.64651,-4087084.68046,-5156617.51569,7446.28579103,1143.49171485,1442.72748594,-29403986.5481,51977986627.5
4413.88367735,1869762.7277,-4045567.32425,-5104235.64866,7370.91677367,1319.13580863,1664.33517976,-29403986.548,51977986627.6
4448.56255261,2123871.93371,-3996716.66358,-5042601.45408,7282.18524749,1497.82095647,1889.77972891,-29403986.548,51977986627.6
4484.18519317,2381485.86889,-3940125.96167,-4971201.75784,7179.347571,1678.98424972,2118.35091944,-29403986.5479,51977986627.7
4520.73314389,2641763.51945,-3875408.29986,-4889548.39009,7061.69606303,1862.03475337,2349.30317689,-29403986.5478,51977986627.8
4558.17450273,2903711.04849,-3802231.21715,-4797221.88943,6928.62203347,2046.27386489,2581.75508426,-29403986.5477,51977986627.8
4596.4717432,3166246.04209,-3720315.69915,-4693870.22732,6779.61405759,2230.94046095,2814.74634288,-29403986.5476,51977986627.9
4635.57625597,3428170.11142,-3629458.56082,-4579237.04803,6614.29879113,2415.19159696,3047.21342138,-29403986.5475,51977986628
4675.42884103,3688187.91649,-3529545.04517,-4453177.56428,6432.46401693,2598.11585939,3278.00640206,-29403986.5474,51977986628.1
4715.95692161,3944908.73349,-3420569.27637,-4315684.36262,6234.09599748,2778.73444562,3505.89034336,-29403986.5473,51977986628.3
4757.0739563,4196868.22031,-3302650.06324,-4166907.34247,6019.4083823,2956.01646081,3729.5645797,-29403986.5471,51977986628.4
4798.67924638,4442557.12089,-3176044.36629,-4007170.7073,5788.86686634,3128.89910954,3947.68819697,-29403986.5469,51977986628.6
4840.65988922,4680465.69665,-3041151.62364,-3836978.42261,5543.19719697,3296.31896952,4158.91949017,-29403986.5468,51977986628.7
4882.89427674,4909136.21581,-2898508.07804,-3657007.05837,5283.37494831,3457.24895475,4361.96259926,-29403986.5466,51977986628.9
4925.25688534,5127217.87127,-2748770.23919,-3468084.92365,5010.59546954,3610.73700699,4555.61632569,-29403986.5464,51977986629
4967.6232144,5333514.33227,-2592690.80839,-3271161.69117,4726.23005711,3755.9396193,4738.81642857,-29403986.5462,51977986629.2
5009.87398396,5527017.76023,-2431091.25353,-3067273.79545,4431.77597853,3892.14584291,4910.6659138,-29403986.546,51977986629.4
5051.89794801,5706926.66767,-2264835.44933,-2857511.17514,4128.80839795,4018.78992506,5070.45097904,-29403986.5459,51977986629.5
5093.59319944,5872649.23194,-2094807.24605,-2642988.97172,3818.9394315,4135.45370511,5217.64403685,-29403986.5457,51977986629.7
5134.86713701,6023795.71933,-1921893.37541,-2424825.9622,3503.78691116,4241.8613372,5351.89705638,-29403986.5455,51977986629.8
5175.63541025,6160164.2214,-1746971.89606,-2204129.98089,3184.95323653,4337.86929433,5473.02895163,-29403986.5454,51977986629.9
5215.82013151,6281723.30179,-1570905.8273,-1981989.88714,2864.01368212,4423.4541862,5581.01021138,-29403986.5452,51977986630
5255.34755443,6388594.2529,-1394541.47462,-1759473.45274,2542.51326092,4498.7002913,5675.94716862,-29403986.5451,51977986630.1
5294.14529009,6481034.79373,-1218711.15416,-1537630.79932,2221.9716137,4563.78809407,5758.06753804,-29403986.545,51977986630.2
5332.13898765,6559425.42194,-1044240.47015,-1317503.58017,1903.89620679,4618.98468231,5827.70830058,-29403986.5449,51977986630.3
5369.24821479,6624259.28801,-871961.086168,-1100141.09358,1589.80555444,4664.63661782,5885.30670841,-29403986.5448,51977986630.4
5405.38096791,6676136.42897,-702731.335473,-886626.286616,1281.26674159,4701.16587107,5931.39515577,-29403986.5448,51977986630.5
5440.42564347,6715763.57214,-537469.848912,-678118.182944,979.956688059,4729.06967386,5966.60099305,-29403986.5447,51977986630.5
5474.23793271,6743961.8341,-377213.882301,-475925.473708,687.768452342,4748.92592792,5991.65335078,-29403986.5446,51977986630.6
5506.61641804,6761687.55544,-223231.508912,-281648.0692,407.015750233,4761.40786082,6007.40163075,-29403986.5446,51977986630.6
5537.24850036,6770080.2087,-77274.5018938,-97496.1570741,140.893991573,4767.3177438,6014.85804737,-29403986.5446,51977986630.6
5553.45589696,6771222.00336,-0.00515924474166,-0.00650934794976,9.341016181e-06,4768.12176634,6015.87247134,-29403986.5446,51977986630.6
